{"cameraMode":{"drawMode":0,"name":"Shaded","section":"Shading Mode"},"sceneLighting":false,"audioPlay":false,"sceneViewState":{"showFog":true,"showMaterialUpdate":false,"showSkybox":false,"showFlares":true,"showImageEffects":true,"showParticleSystems":true,"showVisualEffectGraphs":true,"m_FxEnabled":true},"in2DMode":false,"pivot":{"x":0.007478237152099609,"y":1.0963044166564942,"z":-0.02563655376434326},"rotation":{"x":0.1026366800069809,"y":-0.8931933045387268,"z":0.35190466046333315,"w":0.26051002740859988},"size":1.896174669265747,"orthographic":false}