{"cameraMode":{"drawMode":0,"name":"Shaded","section":"Shading Mode"},"sceneLighting":false,"audioPlay":false,"sceneViewState":{"showFog":true,"showMaterialUpdate":false,"showSkybox":false,"showFlares":true,"showImageEffects":true,"showParticleSystems":true,"showVisualEffectGraphs":true,"m_FxEnabled":true},"in2DMode":false,"pivot":{"x":0.0010595321655273438,"y":0.454017698764801,"z":0.0001739710569381714},"rotation":{"x":0.1026366800069809,"y":-0.8931933045387268,"z":0.35190466046333315,"w":0.26051002740859988},"size":0.4597962200641632,"orthographic":false}