{"cameraMode":{"drawMode":0,"name":"Shaded","section":"Shading Mode"},"sceneLighting":false,"audioPlay":false,"sceneViewState":{"showFog":true,"showMaterialUpdate":false,"showSkybox":false,"showFlares":true,"showImageEffects":true,"showParticleSystems":true,"showVisualEffectGraphs":true,"m_FxEnabled":true},"in2DMode":false,"pivot":{"x":0.03591689467430115,"y":0.291358083486557,"z":0.017607778310775758},"rotation":{"x":0.05737806484103203,"y":-0.9005869626998901,"z":0.41227662563323977,"w":0.12534199655056},"size":0.3672886788845062,"orthographic":false}