{"cameraMode":{"drawMode":0,"name":"Shaded","section":"Shading Mode"},"sceneLighting":false,"audioPlay":false,"sceneViewState":{"showFog":true,"showMaterialUpdate":false,"showSkybox":false,"showFlares":true,"showImageEffects":true,"showParticleSystems":true,"showVisualEffectGraphs":true,"m_FxEnabled":true},"in2DMode":false,"pivot":{"x":0.0007720589637756348,"y":0.5112859606742859,"z":-0.0010761022567749024},"rotation":{"x":-0.19466988742351533,"y":-0.7837654948234558,"z":0.3006948232650757,"w":-0.5075507164001465},"size":1.205866813659668,"orthographic":false}