{"cameraMode":{"drawMode":0,"name":"Shaded","section":"Shading Mode"},"sceneLighting":false,"audioPlay":false,"sceneViewState":{"showFog":true,"showMaterialUpdate":false,"showSkybox":false,"showFlares":true,"showImageEffects":true,"showParticleSystems":true,"showVisualEffectGraphs":true,"m_FxEnabled":true},"in2DMode":false,"pivot":{"x":0.14981889724731446,"y":-1.3284430503845215,"z":0.060564637184143069},"rotation":{"x":0.19807827472686768,"y":-0.8014399409294128,"z":0.3830074965953827,"w":0.4144817590713501},"size":1.9975085258483887,"orthographic":false}