{"cameraMode":{"drawMode":0,"name":"Shaded","section":"Shading Mode"},"sceneLighting":false,"audioPlay":false,"sceneViewState":{"showFog":true,"showMaterialUpdate":false,"showSkybox":false,"showFlares":true,"showImageEffects":true,"showParticleSystems":true,"showVisualEffectGraphs":true,"m_FxEnabled":true},"in2DMode":false,"pivot":{"x":0.01677316427230835,"y":2.4303412437438967,"z":-0.004524707794189453},"rotation":{"x":0.05737806484103203,"y":-0.9005869626998901,"z":0.41227662563323977,"w":0.12534199655056},"size":2.4534084796905519,"orthographic":false}