{"cameraMode":{"drawMode":0,"name":"Shaded","section":"Shading Mode"},"sceneLighting":false,"audioPlay":false,"sceneViewState":{"showFog":true,"showMaterialUpdate":false,"showSkybox":false,"showFlares":true,"showImageEffects":true,"showParticleSystems":true,"showVisualEffectGraphs":true,"m_FxEnabled":true},"in2DMode":false,"pivot":{"x":0.34033727645874026,"y":0.36884063482284548,"z":0.8806554675102234},"rotation":{"x":-0.023514144122600557,"y":-0.9734887480735779,"z":0.19562925398349763,"w":-0.11723437905311585},"size":0.5023466348648071,"orthographic":false}