{"cameraMode":{"drawMode":0,"name":"Shaded","section":"Shading Mode"},"sceneLighting":false,"audioPlay":false,"sceneViewState":{"showFog":true,"showMaterialUpdate":false,"showSkybox":false,"showFlares":true,"showImageEffects":true,"showParticleSystems":true,"showVisualEffectGraphs":true,"m_FxEnabled":true},"in2DMode":false,"pivot":{"x":-0.03241312503814697,"y":0.01806124486029148,"z":0.008102655410766602},"rotation":{"x":-0.3502993881702423,"y":0.1778896152973175,"z":-0.06787627935409546,"w":-0.917213499546051},"size":3.0071613788604738,"orthographic":false}