{"cameraMode":{"drawMode":0,"name":"Shaded","section":"Shading Mode"},"sceneLighting":false,"audioPlay":false,"sceneViewState":{"showFog":true,"showMaterialUpdate":false,"showSkybox":false,"showFlares":true,"showImageEffects":true,"showParticleSystems":true,"showVisualEffectGraphs":true,"m_FxEnabled":true},"in2DMode":false,"pivot":{"x":-0.0255279541015625,"y":2.0089054107666017,"z":0.022194966673851014},"rotation":{"x":0.05737806484103203,"y":-0.9005869626998901,"z":0.41227662563323977,"w":0.12534199655056},"size":3.6573173999786379,"orthographic":false}