{"cameraMode":{"drawMode":0,"name":"Shaded","section":"Shading Mode"},"sceneLighting":false,"audioPlay":false,"sceneViewState":{"showFog":true,"showMaterialUpdate":false,"showSkybox":false,"showFlares":true,"showImageEffects":true,"showParticleSystems":true,"showVisualEffectGraphs":true,"m_FxEnabled":true},"in2DMode":false,"pivot":{"x":0.05498623847961426,"y":-1.7913817167282105,"z":-0.27802401781082156},"rotation":{"x":0.19807827472686768,"y":-0.8014399409294128,"z":0.3830074965953827,"w":0.4144817590713501},"size":2.138110399246216,"orthographic":false}