{"cameraMode":{"drawMode":0,"name":"Shaded","section":"Shading Mode"},"sceneLighting":false,"audioPlay":false,"sceneViewState":{"showFog":true,"showMaterialUpdate":false,"showSkybox":false,"showFlares":true,"showImageEffects":true,"showParticleSystems":true,"showVisualEffectGraphs":true,"m_FxEnabled":true},"in2DMode":false,"pivot":{"x":-3.0000009536743166,"y":2.9861748218536379,"z":-0.015081524848937989},"rotation":{"x":0.362285315990448,"y":-0.28256621956825259,"z":0.11625374108552933,"w":0.8805795311927795},"size":4.450842380523682,"orthographic":false}