{"cameraMode":{"drawMode":0,"name":"Shaded","section":"Shading Mode"},"sceneLighting":false,"audioPlay":false,"sceneViewState":{"showFog":true,"showMaterialUpdate":false,"showSkybox":false,"showFlares":true,"showImageEffects":true,"showParticleSystems":true,"showVisualEffectGraphs":true,"m_FxEnabled":true},"in2DMode":false,"pivot":{"x":0.031301099807024,"y":0.3034891188144684,"z":-0.0015961378812789918},"rotation":{"x":0.05737806484103203,"y":-0.9005869626998901,"z":0.41227662563323977,"w":0.12534199655056},"size":1.2916845083236695,"orthographic":false}